filename,width,height,class,xmin,ymin,xmax,ymax
2022-03-25-14-22-05_L_jpg.rf.fc01b5cb3ebca41ddf8d73a4cf5b6bf8.jpg,1920,1080,needle,526,880,820,1005
2022-03-24-17-11-29_L_jpg.rf.fe597f89dd0f42c5a3479cb09ee94dd3.jpg,1920,1080,needle,869,347,1040,453
2022-03-25-14-18-52_L_jpg.rf.fb52a6d37fddd737baa05d90ff63b99a.jpg,1920,1080,needle,1176,710,1364,913
2022-03-24-17-06-00_L_jpg.rf.fb835af35de3edff1a808d8b8508184d.jpg,1920,1080,needle,1109,616,1371,736
2022-03-05-15-11-13_R_jpg.rf.fb3abbc76275296ddc2069db850152cf.jpg,1920,1080,needle,642,452,859,569
2022-03-25-14-23-37_R_jpg.rf.fde6bf18ba3e51c038f75361c7943921.jpg,1920,1080,needle,1074,315,1210,417
2022-03-24-17-11-45_L_jpg.rf.03a8c7915145ecfa0a962f55b849767b.jpg,1920,1080,needle,876,312,1047,402
2022-03-30-15-41-47_L_jpg.rf.04530dddf33d473c5cf4c4b860cce1ad.jpg,1920,1080,needle,1197,753,1392,1048
2022-03-25-14-15-43_L_jpg.rf.03a793abebffddcfd0ef558bffa768b5.jpg,1920,1080,needle,554,732,727,1032
2022-03-24-17-18-59_R_jpg.rf.06be598f27db1d06bd0fc2b60ba26f68.jpg,1920,1080,needle,839,375,927,512
2022-03-05-15-17-19_R_jpg.rf.0578b24184b109785908277e23b30bb4.jpg,1920,1080,needle,714,538,849,729
2022-03-05-15-19-42_R_jpg.rf.070a7df09b39ab95f92a50223976bb14.jpg,1920,1080,needle,657,487,797,688
2022-03-30-15-56-12_R_jpg.rf.006900375758165727a46d4689a8519e.jpg,1920,1080,needle,456,667,667,922
2022-03-25-14-17-40_R_jpg.rf.056b733ddc68892332ded2294893784a.jpg,1920,1080,needle,1009,460,1120,588
2022-03-30-15-40-20_L_jpg.rf.0803277efaa6d167db7b6da6eb8c2bb9.jpg,1920,1080,needle,727,197,856,312
2022-03-30-15-46-16_L_jpg.rf.08fcea46e8b9f4ce0ae6a806a4819e8d.jpg,1920,1080,needle,492,513,877,667
2022-03-25-14-26-04_L_jpg.rf.0b43282fe933d7c369aecfc7e5d4f83c.jpg,1920,1080,needle,1007,243,1122,322
2022-03-25-14-15-55_L_jpg.rf.095dff0fe417a33da11f1e37fc3f1bb4.jpg,1920,1080,needle,1122,721,1343,940
2022-03-05-15-27-58_R_jpg.rf.0c3f80e195c2b0628fa0881dd58c88dd.jpg,1920,1080,needle,522,758,703,1039
2022-03-05-15-29-49_L_jpg.rf.07f1afbf7256de91f1506cd9c317e8a1.jpg,1920,1080,needle,1139,802,1452,947
2022-03-30-15-44-01_R_jpg.rf.1096a8da77413f906129a6ecd19d7a6f.jpg,1920,1080,needle,1109,738,1382,1003
2022-03-30-15-44-58_L_jpg.rf.0bbc470d0d295b84f7d78f3b13c20fc8.jpg,1920,1080,needle,1315,675,1516,1007
2022-03-25-14-15-18_L_jpg.rf.11582ec73d9d8be37ba49aecae42c63b.jpg,1920,1080,needle,841,326,1037,434
2022-03-24-17-08-52_L_jpg.rf.10e2f280949607851234e70e2dd82f47.jpg,1920,1080,needle,1178,864,1474,1006
2022-03-24-17-12-15_L_jpg.rf.0d0656b1ac8c2b9ed931654972c18709.jpg,1920,1080,needle,790,616,931,826
2022-03-29-15-18-50_R_jpg.rf.0b8f375f18b23df789c8e9d1d7aec1f9.jpg,1920,1080,needle,748,325,908,433
2022-03-24-17-05-50_R_jpg.rf.0c3eaf0b436d2b8232756023096aea44.jpg,1920,1080,needle,1081,257,1160,360
2022-03-05-15-08-10_R_jpg.rf.0df0aeb1c589768c435ea298bdd82bdb.jpg,1920,1080,needle,1079,762,1345,971
2022-03-30-15-31-01_R_jpg.rf.0e34c0e869e5e2134f19a6ee71aab794.jpg,1920,1080,needle,1051,293,1213,385
2022-03-30-15-29-55_L_jpg.rf.08fbc83e5502a28405bca379b19b6f86.jpg,1920,1080,needle,1006,365,1108,518
2022-03-05-15-29-49_R_jpg.rf.14313179a751941a0d7128e61b4ea906.jpg,1920,1080,needle,1134,810,1471,963
2022-03-24-17-10-20_L_jpg.rf.11eacee97f8255e649d5574af6b441ec.jpg,1920,1080,needle,970,388,1157,472
2022-03-25-14-24-58_L_jpg.rf.112d1d65374969ff338ee1e627072f2a.jpg,1920,1080,needle,1049,490,1159,685
2022-03-30-15-32-36_L_jpg.rf.1463052a793336806e2cfb3fc3ed89c0.jpg,1920,1080,needle,1063,398,1156,545
2022-03-24-17-03-06_L_jpg.rf.147e1754e576425ed765e108c98a8c66.jpg,1920,1080,needle,857,438,1076,547
2022-03-30-15-38-32_R_jpg.rf.124e54f146fd7e50eb1c3b34c1d3e30d.jpg,1920,1080,needle,371,253,542,360
2022-03-30-15-55-09_R_jpg.rf.0e347db219257ca5813262c5c031d224.jpg,1920,1080,needle,514,612,804,920
2022-03-24-17-17-10_R_jpg.rf.154e33f22d467320009aef2f0a34840f.jpg,1920,1080,needle,751,547,909,775
2022-03-24-17-19-12_L_jpg.rf.0de2a171fe8095566f7e3fbd366be7b0.jpg,1920,1080,needle,1016,361,1128,503
2022-03-05-15-13-41_R_jpg.rf.12745298530f94ec17cc165c428fa5c0.jpg,1920,1080,needle,1044,565,1186,793
2022-03-30-15-45-36_L_jpg.rf.14d6f188e3d832baf9b3815df80fe65a.jpg,1920,1080,needle,896,522,1260,698
2022-03-24-17-14-41_L_jpg.rf.0c4463a26307a71eda68ba753c6a11c4.jpg,1920,1080,needle,809,423,902,583
2022-03-25-14-20-44_R_jpg.rf.14556bf3929a99ef9766ce13fb3f1687.jpg,1920,1080,needle,727,587,927,710
2022-03-25-14-14-49_L_jpg.rf.1590821c4d41f1963196b67380cf1c84.jpg,1920,1080,needle,696,632,852,865
2022-03-30-15-46-08_L_jpg.rf.12af4e56a566d5e910f1c6b6b5604271.jpg,1920,1080,needle,249,622,734,898
2022-03-05-15-29-35_R_jpg.rf.18f84262fdb2251c54ff219a26206934.jpg,1920,1080,needle,1024,293,1124,424
2022-03-25-14-13-44_L_jpg.rf.151ffd448e8c75493b474fed08fdb491.jpg,1920,1080,needle,737,367,917,452
2022-03-05-15-11-57_L_jpg.rf.16733c0fbbe26b56351804c10c434983.jpg,1920,1080,needle,582,722,819,1012
2022-03-24-17-13-04_R_jpg.rf.16b42db0ba81bb5051c3a63d73b66682.jpg,1920,1080,needle,817,650,1085,735
2022-03-24-17-17-56_L_jpg.rf.15d1190ce4c42571ef82071df703f8f6.jpg,1920,1080,needle,646,475,760,657
2022-03-30-15-35-43_R_jpg.rf.170c62d4572aafdbbe9105a7dc5b5ce9.jpg,1920,1080,needle,727,728,915,1048
2022-03-24-17-03-29_R_jpg.rf.19324ec00f55a7b48fe8a4920a31341a.jpg,1920,1080,needle,1149,317,1249,427
2022-03-30-15-33-54_L_jpg.rf.114309adc0aabf56beebfd3d891830fc.jpg,1920,1080,needle,1041,663,1285,845
2022-03-30-15-32-49_L_jpg.rf.201506cfbd90e4157bf5ea5b3ae0f030.jpg,1920,1080,needle,1068,383,1198,548
2022-03-25-14-16-52_R_jpg.rf.1be73ee4b0b4f8a2a97149d2444a77c1.jpg,1920,1080,needle,1149,751,1370,1026
2022-03-30-15-44-36_L_jpg.rf.1d101845ec8a0edbab88d8fadf14b3d1.jpg,1920,1080,needle,1524,423,1713,528
2022-03-24-17-03-18_L_jpg.rf.1a921614e4a3a039b7bba541b4314a78.jpg,1920,1080,needle,1006,311,1122,449
2022-03-25-14-25-31_R_jpg.rf.1cb5cdb639532126efc76f8c880c73fe.jpg,1920,1080,needle,905,385,1081,525
2022-03-25-14-23-26_L_jpg.rf.15e6a805c32f341ae193ae45da20c04e.jpg,1920,1080,needle,725,376,867,500
2022-03-30-15-54-56_L_jpg.rf.1e2ed1139071e0ef29519074f0c45d8f.jpg,1920,1080,needle,1164,685,1415,958
2022-03-30-15-58-13_L_jpg.rf.20ed9938bd01fb7396465c2caa8ebd91.jpg,1920,1080,needle,826,572,1175,1032
2022-03-24-17-18-21_R_jpg.rf.1cd02b9c8ff2eed6d76c84fe0a7587a4.jpg,1920,1080,needle,616,617,764,813
2022-03-25-14-18-01_L_jpg.rf.1a133679f282161fba6e7b55c76b78a5.jpg,1920,1080,needle,1021,383,1193,487
2022-03-24-17-07-25_R_jpg.rf.21ab7af27b3b1d069db47eda046a2e5d.jpg,1920,1080,needle,543,744,709,1029
2022-03-25-14-21-20_L_jpg.rf.1a69f5d77f635cf48a9cf957141d7137.jpg,1920,1080,needle,592,743,812,932
2022-03-30-15-41-55_L_jpg.rf.2171d36f4239638949b855bdbd7e415e.jpg,1920,1080,needle,1387,753,1779,933
2022-03-25-14-27-25_R_jpg.rf.1a693162c146c97388950c67a559b584.jpg,1920,1080,needle,751,290,879,413
2022-03-05-15-27-22_R_jpg.rf.1efe8d98a76175817d002612250a09bf.jpg,1920,1080,needle,709,545,847,752
2022-03-25-14-29-42_R_jpg.rf.1e7907e19929d8cd8b3e04b03cc2cd47.jpg,1920,1080,needle,1082,324,1259,450
2022-03-25-14-25-54_R_jpg.rf.232fade7ae7a43c208cdc925f8196249.jpg,1920,1080,needle,1071,366,1257,437
2022-03-25-14-24-44_R_jpg.rf.238dab2a7171e41bafa453e17bbcf542.jpg,1920,1080,needle,940,435,1107,608
2022-03-30-15-43-01_L_jpg.rf.219e60d517cf2987987107092a3ee18c.jpg,1920,1080,needle,1184,627,1417,933
2022-03-25-14-20-33_L_jpg.rf.1d3a39626e7ec041147a9ce511da2222.jpg,1920,1080,needle,1139,783,1404,921
2022-03-05-15-14-04_L_jpg.rf.266942526bb6504647c3c2a60096f5e9.jpg,1920,1080,needle,1014,430,1246,536
2022-03-24-17-11-12_L_jpg.rf.23357ed9031ace763af9eeb26e4d652f.jpg,1920,1080,needle,593,749,817,956
2022-03-25-14-25-10_L_jpg.rf.21d4138c50dff12a96ca12b455a58b62.jpg,1920,1080,needle,1169,696,1430,939
2022-03-24-17-10-02_R_jpg.rf.2f86763368e9e5c7970fd4f79543346e.jpg,1920,1080,needle,1014,457,1177,558
2022-03-30-15-46-22_L_jpg.rf.28d8054d741b609ac5e58c4486411666.jpg,1920,1080,needle,515,677,962,873
2022-03-05-15-13-08_L_jpg.rf.2d57627a3280647f08191515c3ef4ee8.jpg,1920,1080,needle,1042,310,1145,449
2022-03-30-15-43-25_R_jpg.rf.275c129e885be93658d3134f7fad669f.jpg,1920,1080,needle,1536,303,1788,445
2022-03-25-14-14-49_R_jpg.rf.2a260a9ac1117f44c584fdcc2fc44811.jpg,1920,1080,needle,722,624,859,864
2022-03-05-15-28-23_R_jpg.rf.26692319e18363ccaa21ad23850510fe.jpg,1920,1080,needle,817,238,947,343
2022-03-30-15-42-47_R_jpg.rf.22c271cc024291f2b298bae78dd10a26.jpg,1920,1080,needle,1137,530,1414,737
2022-03-25-14-13-44_R_jpg.rf.2befbfa9f91a9b20f267e167047e0a87.jpg,1920,1080,needle,772,382,949,440
2022-03-29-15-16-34_R_jpg.rf.243cdabf9628180b2da74f7b499b6d46.jpg,1920,1080,needle,1093,698,1373,880
2022-03-24-17-05-02_L_jpg.rf.252edcec34abfbb07460c4e19c439757.jpg,1920,1080,needle,363,824,676,1016
2022-03-30-15-38-38_R_jpg.rf.32453caa109406c47434e6e32bc61410.jpg,1920,1080,needle,426,218,529,315
2022-03-25-14-17-02_R_jpg.rf.322ad0033e324ccf14f2f3c9272d517b.jpg,1920,1080,needle,561,777,837,1043
2022-03-05-15-11-28_L_jpg.rf.1e927e318d8a3d26141a0c273ed90bf2.jpg,1920,1080,needle,522,630,744,869
2022-03-30-15-46-43_L_jpg.rf.282e09babc9309dac2d0a7f5da4c6c68.jpg,1920,1080,needle,1221,680,1500,908
2022-03-30-15-29-31_R_jpg.rf.310783ba18aebe115e43f66da4f2df10.jpg,1920,1080,needle,848,388,1053,500
2022-03-24-17-05-39_R_jpg.rf.2eb407d71dfad9f1a811af47f77a114c.jpg,1920,1080,needle,695,306,842,407
2022-03-29-15-27-32_L_jpg.rf.31e12fb98ed264a302d558ba9ca9db93.jpg,1920,1080,needle,1078,643,1308,853
2022-03-30-15-56-12_L_jpg.rf.35b3de4b6b1f74a61dd2be738e6fa342.jpg,1920,1080,needle,427,673,662,935
2022-03-24-17-08-27_L_jpg.rf.34a56402b78ed9dd110d0fddeb66c491.jpg,1920,1080,needle,925,561,1122,744
2022-03-05-15-17-06_L_jpg.rf.34c06cacd4d8dfc345e89e9c4096b3ce.jpg,1920,1080,needle,1034,563,1276,699
2022-03-25-14-22-29_R_jpg.rf.353e917b326dd2b5ea4f14389202906e.jpg,1920,1080,needle,999,398,1189,532
2022-03-05-15-28-48_R_jpg.rf.372318b50846a7417e952dad80c39836.jpg,1920,1080,needle,569,657,764,868
2022-03-25-14-26-37_L_jpg.rf.3826f4b3720f4e18c9d6756e77b001a9.jpg,1920,1080,needle,354,782,650,1053
2022-03-24-17-03-06_R_jpg.rf.2fc536393ca12e18e46174030c0c24d8.jpg,1920,1080,needle,881,433,1092,540
2022-03-30-15-55-54_R_jpg.rf.3a28dcfa68d8b7359aa46fb8f244af30.jpg,1920,1080,needle,547,633,772,898
2022-03-24-17-15-20_L_jpg.rf.37c4134aea07396cf8f5f9c486f37d0e.jpg,1920,1080,needle,1109,716,1274,953
2022-03-25-14-17-40_L_jpg.rf.38fdbe58fbf19ef764093273e46c0dda.jpg,1920,1080,needle,989,444,1103,604
2022-03-30-15-33-00_L_jpg.rf.3395b54851a3fdc5168cf810e216ff94.jpg,1920,1080,needle,473,670,673,925
2022-03-25-14-30-22_L_jpg.rf.1dc70cd716afe0268b75a3f87e9821ad.jpg,1920,1080,needle,746,483,863,680
2022-03-30-15-43-44_R_jpg.rf.37a68665614cee911b687a50a61421fe.jpg,1920,1080,needle,1314,680,1542,1012
2022-03-05-15-17-28_L_jpg.rf.3946b75b719d3d1d866f50e26b971981.jpg,1920,1080,needle,562,633,745,876
2022-03-30-15-45-36_R_jpg.rf.3edd52b664b8076f1062fa0be8e5ec77.jpg,1920,1080,needle,897,527,1247,700
2022-03-30-15-43-44_L_jpg.rf.3ee0bcecabb09455db170c9812a56865.jpg,1920,1080,needle,1299,677,1524,998
2022-03-30-15-31-46_L_jpg.rf.38a32184cabcf29df38466666db11e43.jpg,1920,1080,needle,686,278,876,380
2022-03-30-16-05-25_L_jpg.rf.3dd049740df4b889935c0edcf9f3821a.jpg,1920,1080,needle,809,622,1005,958
2022-03-29-15-19-56_L_jpg.rf.3c36b4176d2e9ad8b0168c2813b61c19.jpg,1920,1080,needle,978,570,1158,813
2022-03-24-17-17-56_R_jpg.rf.3eb90027d162a72537358145f7715be4.jpg,1920,1080,needle,673,483,788,653
2022-03-05-15-11-13_L_jpg.rf.4425e4016d302845283b07a574b213c9.jpg,1920,1080,needle,609,455,830,573
2022-03-05-15-13-27_L_jpg.rf.3fb0caf9abd47004e141b58a99e61a8f.jpg,1920,1080,needle,642,472,874,597
2022-03-30-15-55-54_L_jpg.rf.45978b35e70f8707f2a8d31187c6af4f.jpg,1920,1080,needle,546,635,775,912
2022-03-05-15-27-22_L_jpg.rf.39a2e43849171c548eeb348cc1cec6e2.jpg,1920,1080,needle,687,562,824,759
2022-03-24-17-05-17_R_jpg.rf.3ae9b045cf9022f1c556f4337d3b54e9.jpg,1920,1080,needle,896,417,993,591
2022-03-24-17-02-38_L_jpg.rf.478e02bc22711449c3f1395259c4b1bb.jpg,1920,1080,needle,706,574,855,763
2022-03-25-14-21-44_L_jpg.rf.4571f97bad9c916c7ed98ab66e5c3384.jpg,1920,1080,needle,497,663,679,888
2022-03-25-14-20-44_L_jpg.rf.4604a7944332b34b51ed778ce83baaba.jpg,1920,1080,needle,702,590,922,713
2022-03-30-15-42-05_L_jpg.rf.42094773bddb1140f707d5b485577e1b.jpg,1920,1080,needle,992,417,1164,590
2022-03-30-15-42-33_L_jpg.rf.4ae39cc9ae8d4643cb5b145529687533.jpg,1920,1080,needle,1337,525,1565,860
2022-03-30-15-34-05_L_jpg.rf.46bca42c3e62f59215948989f3b40693.jpg,1920,1080,needle,873,333,970,465
2022-03-30-15-30-19_L_jpg.rf.4d47a83a20caba9c3b1978f0a54c4f63.jpg,1920,1080,needle,601,273,751,375
2022-03-24-17-13-31_L_jpg.rf.483b8a5bbc53a38ea2aa6080b50228dd.jpg,1920,1080,needle,818,841,1132,953
2022-03-25-14-26-16_L_jpg.rf.4c7a9bd666d7a5a5a4fdf1c365b0a686.jpg,1920,1080,needle,1119,787,1357,962
2022-03-05-15-14-16_R_jpg.rf.4b293afee70df4392c93802ec75b9856.jpg,1920,1080,needle,686,458,850,635
2022-03-30-15-31-01_L_jpg.rf.4ca101f9c668311b39a79a35e20dead0.jpg,1920,1080,needle,1026,280,1170,383
2022-03-25-14-17-29_L_jpg.rf.3f1364e304001e7245ff3c0faf253db5.jpg,1920,1080,needle,776,634,998,904
2022-03-24-17-07-25_L_jpg.rf.4bbc95f83ec0bd23a2f8bce18c26b74c.jpg,1920,1080,needle,537,760,709,1038
2022-03-30-15-32-36_R_jpg.rf.42c493a14f1fe4ffd726d63f979a3986.jpg,1920,1080,needle,1091,385,1193,550
2022-03-29-15-27-32_R_jpg.rf.45cc61d64aa6413b420641a86015ac73.jpg,1920,1080,needle,1093,650,1325,875
2022-03-05-15-08-10_L_jpg.rf.3fdff903e89fc0eacd43c9bfdaf1745c.jpg,1920,1080,needle,1099,734,1305,957
2022-03-25-14-30-22_R_jpg.rf.4b289b9f2e47a68c61706f04fb3e29df.jpg,1920,1080,needle,772,497,890,683
2022-03-30-15-38-26_R_jpg.rf.4c1325a39c04aaa2308fa344a782b63c.jpg,1920,1080,needle,199,328,342,468
2022-03-25-14-14-24_R_jpg.rf.446f194a02b46086e4f2331cc660cf3e.jpg,1920,1080,needle,1172,613,1389,828
2022-03-05-15-27-58_L_jpg.rf.441cf9aba5eabd7a58e2bfb43b74f3e8.jpg,1920,1080,needle,496,762,705,1054
2022-03-24-17-13-31_R_jpg.rf.4e5bb1aa149954eecf166e3d94f39eac.jpg,1920,1080,needle,837,845,1127,913
2022-03-30-15-46-50_L_jpg.rf.4cac342523768064168f683802e817a6.jpg,1920,1080,needle,1239,695,1555,885
2022-03-25-14-21-55_L_jpg.rf.52ff4e62f6827903ca847f92529c442b.jpg,1920,1080,needle,508,697,777,836
2022-03-29-15-27-13_R_jpg.rf.50813ed9468a4826a0036f97680102fe.jpg,1920,1080,needle,723,705,963,925
2022-03-30-15-44-26_L_jpg.rf.4d9499ccbbde1214470cdff9ad465d34.jpg,1920,1080,needle,1260,278,1477,412
2022-03-24-17-10-02_L_jpg.rf.4e421cd14f2d7ea3be7eaf0971442104.jpg,1920,1080,needle,996,461,1156,569
2022-03-05-15-28-48_L_jpg.rf.506b276ce42aed31316f068ef4ad4065.jpg,1920,1080,needle,544,660,749,881
2022-03-30-15-39-21_L_jpg.rf.53c567535cff4203c7534fd0fb2a09aa.jpg,1920,1080,needle,267,248,404,337
2022-03-25-14-13-01_L_jpg.rf.4f028f975567eb3d46f27831e18c449b.jpg,1920,1080,needle,659,573,801,794
2022-03-30-15-34-20_R_jpg.rf.527c9f9e337c4cd4b1feaf758a893a8c.jpg,1920,1080,needle,451,753,668,1013
2022-03-30-15-44-46_R_jpg.rf.510b508db8dc7b4ad538297464ff1d4a.jpg,1920,1080,needle,1102,258,1259,400
2022-03-24-17-17-45_R_jpg.rf.54a74fce4704b5a5600d851068daee7f.jpg,1920,1080,needle,492,708,770,882
2022-03-29-15-16-02_R_jpg.rf.4f1b956c97fa89e6ff29c8720cd94029.jpg,1920,1080,needle,1021,388,1133,585
2022-03-30-15-44-01_L_jpg.rf.5216387bdb9af6e201381c9cfe7f6f4a.jpg,1920,1080,needle,1121,730,1379,995
2022-03-25-14-21-02_R_jpg.rf.5494c144148b718fb6d7cc3ae75f4fa2.jpg,1920,1080,needle,622,711,798,1010
2022-03-24-17-11-12_R_jpg.rf.51110a6ea1b141520b5b9c9b5702d7db.jpg,1920,1080,needle,615,747,842,947
2022-03-25-14-27-25_L_jpg.rf.54d972ae436645d10c567cc4e4bdf0c1.jpg,1920,1080,needle,724,290,837,403
2022-03-30-15-46-31_R_jpg.rf.552627d573f24ec9412cf25014d97959.jpg,1920,1080,needle,607,518,937,708
2022-03-05-15-12-43_R_jpg.rf.59958c2a2caf37c2dcc053f530112f4b.jpg,1920,1080,needle,859,308,1041,412
2022-03-05-15-28-36_R_jpg.rf.565ab6a34bf718735c7be76657146331.jpg,1920,1080,needle,684,468,897,593
2022-03-25-14-22-16_R_jpg.rf.57f71b77139f2f1d2ec49e8882ec9122.jpg,1920,1080,needle,1037,663,1289,833
2022-03-25-14-28-16_L_jpg.rf.573ca063a2ad1557257fe2d45bca8edb.jpg,1920,1080,needle,1082,466,1256,636
2022-03-25-14-13-56_R_jpg.rf.4ea0dff5198d61b0e6f1f021481254cf.jpg,1920,1080,needle,909,268,1087,352
2022-03-25-14-27-49_L_jpg.rf.5416f9cd2aa31110ede2f468d98200b6.jpg,1920,1080,needle,922,210,1076,288
2022-03-25-14-15-32_R_jpg.rf.5d05e23401eda8327c95ce3887b940a1.jpg,1920,1080,needle,789,759,1110,939
2022-03-30-15-39-13_R_jpg.rf.5f727ffb1327f4de82029aa39c28ec17.jpg,1920,1080,needle,104,407,369,557
2022-03-30-15-45-53_R_jpg.rf.5a0b55649916b78aab1a2da5df36fe04.jpg,1920,1080,needle,969,540,1269,807
2022-03-30-15-38-54_L_jpg.rf.6198f88ecfdfc3b8dcc7ad51630231c1.jpg,1920,1080,needle,312,238,494,337
2022-03-25-14-12-21_R_jpg.rf.57a00ea02540c49570d9640c160cfca3.jpg,1920,1080,needle,1064,658,1194,903
2022-03-25-14-13-01_R_jpg.rf.56e2bf638ad905d0f7d551523f829aee.jpg,1920,1080,needle,700,568,811,793
2022-03-30-15-42-05_R_jpg.rf.5e31b3b35777731a9ce3826760d39f63.jpg,1920,1080,needle,1009,412,1187,593
2022-03-30-15-31-46_R_jpg.rf.5d6b5e628036f90a7a064d79def1e7d6.jpg,1920,1080,needle,728,303,896,383
2022-03-30-15-44-26_R_jpg.rf.6158a3b1cf69c6798ec4093baf915b4c.jpg,1920,1080,needle,1290,273,1527,397
2022-03-29-15-19-56_R_jpg.rf.5837cd8ed6dcf544406a7600e334bc2f.jpg,1920,1080,needle,976,575,1173,805
2022-03-05-15-29-26_R_jpg.rf.66923f008b6114c52ebcc106af5bd070.jpg,1920,1080,needle,1042,412,1190,580
2022-03-25-14-25-10_R_jpg.rf.54b41100362e120b84d5131287579bca.jpg,1920,1080,needle,1201,707,1457,943
2022-03-24-17-18-11_L_jpg.rf.5ee9e28b711de767887f7d385e0d3d84.jpg,1920,1080,needle,821,360,935,440
2022-03-25-14-19-10_L_jpg.rf.67bfc9ad1cf0a154d1c524b59d636594.jpg,1920,1080,needle,1061,800,1332,947
2022-03-30-15-42-22_L_jpg.rf.662f77f1feeb68fa8e13afc515b63045.jpg,1920,1080,needle,969,628,1137,952
2022-03-25-14-28-47_R_jpg.rf.60a4c8c86e0900c7846f605c3d617bb3.jpg,1920,1080,needle,1081,630,1300,733
2022-03-30-15-23-42_R_jpg.rf.65848b6134b7e6f7b619da8053788262.jpg,1920,1080,needle,756,563,873,798
2022-03-24-17-12-53_L_jpg.rf.6519cddc071dc198910e20587971140a.jpg,1920,1080,needle,681,735,852,1043
2022-03-05-15-10-18_R_jpg.rf.64e702225699c06a59b363a2a059dc2e.jpg,1920,1080,needle,1132,622,1340,860
2022-03-25-14-28-03_L_jpg.rf.6b6b7cf22951f8534c2b596fe8cc75c4.jpg,1920,1080,needle,1099,477,1241,642
2022-03-24-17-04-21_R_jpg.rf.6c56d34c2810cde792e3797632013c01.jpg,1920,1080,needle,842,447,1031,555
2022-03-30-15-32-49_R_jpg.rf.6b19efb0b7c40ffa335c6c8c03cf0ff2.jpg,1920,1080,needle,1101,378,1220,540
2022-03-25-14-15-43_R_jpg.rf.5b9c8336c940fcd39f8588e829f77f30.jpg,1920,1080,needle,574,732,725,1015
2022-03-05-15-16-52_L_jpg.rf.6ced9f95093b94e8e788bce597c2ca7b.jpg,1920,1080,needle,1092,637,1364,779
2022-03-25-14-25-31_L_jpg.rf.68b35be00e6feb7c9cd839e59611058c.jpg,1920,1080,needle,885,387,1057,528
2022-03-24-17-10-33_R_jpg.rf.6d1ab163523aa45e99906897104052b4.jpg,1920,1080,needle,1144,405,1305,542
2022-03-05-15-14-29_L_jpg.rf.62991ccad500c30be89edffc2207ff88.jpg,1920,1080,needle,709,595,864,803
2022-03-25-14-13-56_L_jpg.rf.61d51a6d9aeaf6ad6dfb0384f7126cdd.jpg,1920,1080,needle,879,270,1056,350
2022-03-30-15-30-34_R_jpg.rf.63be0b3bd179603d688241a34f2f728e.jpg,1920,1080,needle,503,683,726,918
2022-03-24-17-05-39_L_jpg.rf.65751bdd7c98df9deee4941bde3cd1f4.jpg,1920,1080,needle,671,298,804,407
2022-03-05-15-28-12_R_jpg.rf.6957284c65cb258195dfe121af3a348a.jpg,1920,1080,needle,629,373,812,469
2022-03-30-15-40-20_R_jpg.rf.6ee402d5b5356ad8419f90a1fda80a72.jpg,1920,1080,needle,751,192,867,313
2022-03-30-16-05-16_R_jpg.rf.73a86b23a34da91cef7338eb4f60ec52.jpg,1920,1080,needle,1007,623,1379,842
2022-03-25-14-19-10_R_jpg.rf.6a9fae66279087b8d6635740273530b0.jpg,1920,1080,needle,1074,805,1344,957
2022-03-30-15-38-15_R_jpg.rf.73c9fe64af0be4c6ba55a4aa48f869c7.jpg,1920,1080,needle,462,297,604,423
2022-03-30-15-46-00_R_jpg.rf.74c63c4f8f7387f7c150e97495ce1396.jpg,1920,1080,needle,1347,573,1670,842
2022-03-24-17-03-40_L_jpg.rf.71fee1a6be1bbc3ab6cf4d4f0d902fa2.jpg,1920,1080,needle,1067,267,1150,373
2022-03-24-17-12-15_R_jpg.rf.6ea2cc796808423d5eae24e9cea6b4dc.jpg,1920,1080,needle,814,608,927,818
2022-03-30-16-05-25_R_jpg.rf.6e3330f02ac53f31e5fe9c230deee65b.jpg,1920,1080,needle,786,623,1007,960
2022-03-05-15-13-08_R_jpg.rf.7402a853aca7ed22f5c889f802a7d3ae.jpg,1920,1080,needle,1067,317,1182,446
2022-03-25-14-20-05_R_jpg.rf.738d01cb3d0345215526704c922458eb.jpg,1920,1080,needle,1089,690,1347,827
2022-03-25-14-26-16_R_jpg.rf.789cfdd5f9521eab82e4ba89874724c7.jpg,1920,1080,needle,1127,790,1382,983
2022-03-25-14-21-10_R_jpg.rf.78ca3b59ec0aea476fb50a59e3916a56.jpg,1920,1080,needle,566,733,734,977
2022-03-24-17-16-16_L_jpg.rf.73a251953c0700b88b0bcbb0f4dba626.jpg,1920,1080,needle,785,706,1047,794
2022-03-25-14-23-17_R_jpg.rf.741b00b052771cc1f1a03b044a104701.jpg,1920,1080,needle,798,419,912,606
2022-03-30-15-42-22_R_jpg.rf.7868eefac608b38ff88768b66d63933c.jpg,1920,1080,needle,969,635,1144,943
2022-03-30-15-43-17_L_jpg.rf.78ea705d09e20549f550b775ef346208.jpg,1920,1080,needle,1394,292,1544,472
2022-03-24-17-16-46_R_jpg.rf.679279d583d3c2831042485131df3a9e.jpg,1920,1080,needle,1147,400,1227,553
2022-03-29-15-28-00_R_jpg.rf.79c22732e6e6a2ef893f8bc6d153977e.jpg,1920,1080,needle,668,688,846,930
2022-03-24-17-08-38_R_jpg.rf.7df67a4701a6475c9432bdf6887f6fc3.jpg,1920,1080,needle,1054,668,1314,800
2022-03-05-15-13-27_R_jpg.rf.79d0112645ee13d02bdfa436799b63da.jpg,1920,1080,needle,671,468,894,595
2022-03-25-14-25-20_L_jpg.rf.7e1821ccd3540d66ffb05edb667dccd1.jpg,1920,1080,needle,687,573,859,787
2022-03-30-15-33-54_R_jpg.rf.791e4d0ea62168a674f587f9fdf6b8c8.jpg,1920,1080,needle,1056,690,1305,858
2022-03-24-17-13-04_L_jpg.rf.793c42cc85855fd15b460911a7cca238.jpg,1920,1080,needle,809,649,1075,747
2022-03-24-17-03-40_R_jpg.rf.7ef3133e22212be9923d1953da1226f5.jpg,1920,1080,needle,1107,262,1182,368
2022-03-25-14-17-50_L_jpg.rf.816ee4270d75f66045f9ccb71522816d.jpg,1920,1080,needle,1127,750,1414,890
2022-03-30-15-29-46_L_jpg.rf.80e388a10cda2181800ee17ac9e3d44b.jpg,1920,1080,needle,1056,583,1300,708
2022-03-25-14-18-29_R_jpg.rf.84ae1264a4998477edacb8bd5c8948e3.jpg,1920,1080,needle,1061,613,1195,837
2022-03-05-15-14-16_L_jpg.rf.7b25e87ba6a7a53d4720815af275aa21.jpg,1920,1080,needle,662,465,814,637
2022-03-05-15-17-28_R_jpg.rf.83d54680a3ca0b2e422fb490c4aede3e.jpg,1920,1080,needle,589,632,762,862
2022-03-25-14-12-46_L_jpg.rf.8302e8d3fd263d965fc0627abac316ee.jpg,1920,1080,needle,1161,587,1360,807
2022-03-30-15-38-38_L_jpg.rf.7a6198fabe7057dbde147d3821bc7c54.jpg,1920,1080,needle,362,203,477,303
2022-03-05-15-27-49_L_jpg.rf.79c9aa9d48b05e27a61089c4299c5e05.jpg,1920,1080,needle,642,682,844,905
2022-03-24-17-11-29_R_jpg.rf.7eeb417cb57658e294349d6c370d8bd5.jpg,1920,1080,needle,891,347,1065,453
2022-03-30-16-05-31_R_jpg.rf.842a7b0cc32090a70eadf504b27533e6.jpg,1920,1080,needle,469,623,790,835
2022-03-25-14-18-12_R_jpg.rf.7ddcb5b535fe2f6469e0eeb3be24d428.jpg,1920,1080,needle,821,300,909,407
2022-03-25-14-22-05_R_jpg.rf.81e2b51a102fac8c7c05661bac66eec1.jpg,1920,1080,needle,533,853,826,1006
2022-03-30-15-55-17_R_jpg.rf.7e283d07b0e00aaa63a68246a9b2bffb.jpg,1920,1080,needle,744,282,887,415
2022-03-30-15-33-34_R_jpg.rf.7f74c1be94bced92e8d4bd1b65a68b04.jpg,1920,1080,needle,546,698,818,858
2022-03-30-15-35-32_L_jpg.rf.84563c73e14bd65bff07b1be464d60be.jpg,1920,1080,needle,114,818,409,1000
2022-03-29-15-18-50_L_jpg.rf.7e49a6d30a043426825cd041b4aea306.jpg,1920,1080,needle,728,340,881,438
2022-03-30-15-33-14_R_jpg.rf.867198d286a7322b0e3d4e1925ea734e.jpg,1920,1080,needle,963,280,1100,438
2022-03-24-17-14-29_L_jpg.rf.81db3611e4041ac90d3be5828655030c.jpg,1920,1080,needle,637,530,757,735
2022-03-30-15-44-58_R_jpg.rf.8590ea812d37c01e5c5293a313feffa1.jpg,1920,1080,needle,1340,688,1534,1030
2022-03-30-15-33-14_L_jpg.rf.868e740eb694ae28e78950081a3b3ab2.jpg,1920,1080,needle,931,283,1045,433
2022-03-30-15-41-01_L_jpg.rf.85824293efaf2f77d38bce0e8460af22.jpg,1920,1080,needle,1577,358,1781,535
2022-03-25-14-18-01_R_jpg.rf.82c3e4267b05d31ff8a714330e9fa25d.jpg,1920,1080,needle,1052,393,1232,472
2022-03-24-17-05-17_L_jpg.rf.8c7c2311250281afba0d30a6e1025a20.jpg,1920,1080,needle,866,419,975,609
2022-03-30-15-24-09_R_jpg.rf.91b29ad6335874350008ace02575cc7b.jpg,1920,1080,needle,606,573,786,808
2022-03-30-15-43-54_R_jpg.rf.906fb816af8ff470346a1e1951cf3287.jpg,1920,1080,needle,1036,728,1309,988
2022-03-30-15-31-19_L_jpg.rf.8b29262b4ae1d5c98e8a49a073e9045f.jpg,1920,1080,needle,708,643,878,925
2022-03-25-14-15-03_L_jpg.rf.8b91021838a7387ed9cae6a92e33e228.jpg,1920,1080,needle,1029,760,1192,1080
2022-03-25-14-29-42_L_jpg.rf.9601756b6c276088023e19180db9bc8c.jpg,1920,1080,needle,1044,332,1219,448
2022-03-25-14-17-29_R_jpg.rf.8ca2f967639e82818373f4121d8b8441.jpg,1920,1080,needle,802,643,1010,881
2022-03-30-15-42-47_L_jpg.rf.9172579b73f7a169b2c8b97a5c623706.jpg,1920,1080,needle,1127,523,1397,723
2022-03-05-15-28-23_L_jpg.rf.970b5fd45eafcd7b30d6da88cdd6bfbf.jpg,1920,1080,needle,784,228,914,344
2022-03-30-15-36-01_R_jpg.rf.94c6cf8a2afe08e9ff9ba459115006b0.jpg,1920,1080,needle,141,857,417,1040
2022-03-30-15-41-32_L_jpg.rf.932f73a4bf7ae20a29c019725ed5bff9.jpg,1920,1080,needle,1469,250,1570,365
2022-03-24-17-04-07_R_jpg.rf.88424e7b9ad92c52d71c597aadf24b88.jpg,1920,1080,needle,1167,587,1306,801
2022-03-25-14-23-46_R_jpg.rf.956fb2276130b66404c75fba5fcdeb74.jpg,1920,1080,needle,1189,770,1402,1012
2022-03-30-15-46-08_R_jpg.rf.96e50f845718095f2b717c4a86c14014.jpg,1920,1080,needle,271,622,715,885
2022-03-05-15-19-42_L_jpg.rf.8e228dc5153c59d5cb68e3cad46b1c5e.jpg,1920,1080,needle,612,485,784,688
2022-03-30-15-41-16_L_jpg.rf.95008816537d899c7d68e8d9d6e15ea8.jpg,1920,1080,needle,1509,270,1731,350
2022-03-30-15-31-19_R_jpg.rf.977fdedef84b14e71340f449b7612ed7.jpg,1920,1080,needle,751,630,898,928
2022-03-30-15-30-27_R_jpg.rf.8a8238cf58443cc693766704ebcff756.jpg,1920,1080,needle,783,215,920,295
2022-03-25-14-17-50_R_jpg.rf.9175bd3d59822c943a973c5847482a4d.jpg,1920,1080,needle,1130,733,1457,912
2022-03-30-15-38-15_L_jpg.rf.914cb0ea32e7b6d300c5d4793144ab50.jpg,1920,1080,needle,415,292,557,407
2022-03-29-15-26-44_R_jpg.rf.97470077c01930e601ee74e47e7ffdf0.jpg,1920,1080,needle,613,578,856,745
2022-03-24-17-17-10_L_jpg.rf.8a02842c3cf51ce3ba35b672a51afaf2.jpg,1920,1080,needle,723,544,886,774
2022-03-30-16-05-31_L_jpg.rf.97fb944b2b38e9d73d09185a9d485814.jpg,1920,1080,needle,452,623,789,847
2022-03-24-17-03-18_R_jpg.rf.99b537b3b999e1f495445bf72454a88d.jpg,1920,1080,needle,1041,313,1132,435
2022-03-30-15-56-04_R_jpg.rf.978c2bb8035aa4930e5e4eaafa260bf1.jpg,1920,1080,needle,1016,653,1280,960
2022-03-24-17-14-55_R_jpg.rf.93d4b1532b88ec66c83ad0cffa37b060.jpg,1920,1080,needle,1088,460,1233,627
2022-03-30-15-45-08_L_jpg.rf.98787b3d4276139328ca82c55d60494e.jpg,1920,1080,needle,1062,663,1302,932
2022-03-29-15-16-52_R_jpg.rf.98b081036ef6910fd091b5f0e480d85a.jpg,1920,1080,needle,1121,655,1398,893
2022-03-30-15-36-19_L_jpg.rf.9c9fd6a20e13c577421e379b6b104c2d.jpg,1920,1080,needle,412,318,560,452
2022-03-05-15-12-15_L_jpg.rf.9cf066713e0f5c097e197460adc861f3.jpg,1920,1080,needle,822,442,1035,567
2022-03-30-15-40-09_L_jpg.rf.99640292dc0947de5c38a3536998f8b2.jpg,1920,1080,needle,74,280,251,405
2022-03-24-17-15-32_L_jpg.rf.87e435591c1887c31df55ac720d38f9b.jpg,1920,1080,needle,1246,769,1407,1050
2022-03-30-15-35-51_R_jpg.rf.9d52522443b79054be6e22062614753d.jpg,1920,1080,needle,756,717,1030,862
2022-03-25-14-15-55_R_jpg.rf.9d64cfe9637785ca88d8967e99e83c91.jpg,1920,1080,needle,1125,729,1369,936
2022-03-30-15-38-54_R_jpg.rf.a2bfa7584f46b8f87edac6054fe548e3.jpg,1920,1080,needle,374,253,547,348
2022-03-30-15-42-11_L_jpg.rf.9b91faa56011799cc2c3a31390904aea.jpg,1920,1080,needle,954,287,1127,385
2022-03-05-15-29-26_L_jpg.rf.a1f68232966b6fb26301bf8a014e9093.jpg,1920,1080,needle,1022,427,1157,587
2022-03-30-15-30-10_L_jpg.rf.999a09203cea5d3eb46ba72d905ae1b9.jpg,1920,1080,needle,778,215,876,315
2022-03-25-14-14-24_L_jpg.rf.a048457ed692a4e724c3d47a78ca63bf.jpg,1920,1080,needle,1141,621,1370,821
2022-03-30-15-32-00_R_jpg.rf.a11acd273f878b8c128065d8f5a1b2c2.jpg,1920,1080,needle,836,238,933,338
2022-03-24-17-08-14_L_jpg.rf.982196121bf0a54e47ec4c0d208747b6.jpg,1920,1080,needle,665,417,845,536
2022-03-25-14-21-55_R_jpg.rf.985ff22176c2f83ffdd50d8cab06342f.jpg,1920,1080,needle,531,691,790,820
2022-03-30-15-31-29_R_jpg.rf.9ded88342d20c6b575681d9728317332.jpg,1920,1080,needle,1083,555,1330,650
2022-03-30-15-31-37_R_jpg.rf.9e2800bbc22722aacc6ae0396e60c2e7.jpg,1920,1080,needle,1023,338,1130,458
2022-03-30-15-55-34_R_jpg.rf.9fb7db02b608570ddd3525bd1291bf8b.jpg,1920,1080,needle,592,417,805,677
2022-03-25-14-18-29_L_jpg.rf.a10eae10d8f0c3cce1d895c74bd101de.jpg,1920,1080,needle,1039,615,1172,830
2022-03-24-17-09-08_L_jpg.rf.a6308dd9e24b2a870679bcff5a622d97.jpg,1920,1080,needle,1013,521,1233,644
2022-03-25-14-26-37_R_jpg.rf.a04035198ade7f1d1bb9a5eadc2c39c1.jpg,1920,1080,needle,387,765,664,1025
2022-03-25-14-21-10_L_jpg.rf.a31633d3cbd3630035109111520ce4d8.jpg,1920,1080,needle,544,740,727,990
2022-03-05-15-17-06_R_jpg.rf.a308816c3da33d710133cc281c7671c7.jpg,1920,1080,needle,1052,547,1307,719
2022-03-25-14-16-52_L_jpg.rf.a1b1ff712a13acff51039ffb2ed4f78e.jpg,1920,1080,needle,1119,733,1354,1006
2022-03-25-14-19-36_L_jpg.rf.a35ac52f220781c40ea2c29debcaddbf.jpg,1920,1080,needle,1092,672,1240,942
2022-03-30-15-36-19_R_jpg.rf.a4e0dbb85d9cf3a27f24e71d03a26218.jpg,1920,1080,needle,461,327,599,458
2022-03-30-15-23-42_L_jpg.rf.a3adc3ec26c395ea0528b7fbb46d1445.jpg,1920,1080,needle,741,553,863,790
2022-03-30-15-46-31_L_jpg.rf.a9aaa4e3465e2c093da1d6ae12ac5303.jpg,1920,1080,needle,604,512,946,723
2022-03-24-17-12-53_R_jpg.rf.a60eed8cc8372d07910b3946ea51767d.jpg,1920,1080,needle,692,727,859,1027
2022-03-24-17-06-16_R_jpg.rf.a8a2423c1781fe7f270ca7e01ce17514.jpg,1920,1080,needle,802,858,1109,945
2022-03-05-15-28-59_R_jpg.rf.a8ba8f0ae27d489b9e518efd215ca083.jpg,1920,1080,needle,1046,538,1270,699
2022-03-25-14-16-25_R_jpg.rf.a52e6d775bd2efb12f3e1d0d99c58b32.jpg,1920,1080,needle,1052,550,1292,683
2022-03-30-15-38-32_L_jpg.rf.a8b01d5a556c14defd579eaeef9c52d6.jpg,1920,1080,needle,319,235,494,352
2022-03-05-15-28-59_L_jpg.rf.a802cccd6de0cfa94a26b1720ca3aaaf.jpg,1920,1080,needle,1022,533,1250,691
2022-03-30-15-30-34_L_jpg.rf.aa65dc1525dae2436ced496ea5d5c316.jpg,1920,1080,needle,468,685,701,953
2022-03-24-17-05-50_L_jpg.rf.a21ccd7ee0bb6835e1cfda9f00a9c980.jpg,1920,1080,needle,1049,263,1120,363
2022-03-25-14-17-02_L_jpg.rf.aadcf1bb69c0d878e833559af89db991.jpg,1920,1080,needle,556,789,813,1050
2022-03-05-15-11-28_R_jpg.rf.aa2444fa3f2930e4e1909c12e775199c.jpg,1920,1080,needle,556,623,758,858
2022-03-30-16-05-16_L_jpg.rf.aaf64c9c37fb6415df311a901696d59b.jpg,1920,1080,needle,1017,637,1374,823
2022-03-30-15-41-32_R_jpg.rf.aa237846881e774cb7953e457a0fff7b.jpg,1920,1080,needle,1531,233,1625,352
2022-03-24-17-15-08_L_jpg.rf.a802a1a7c57ab05ed6bb4eba64b1c3c0.jpg,1920,1080,needle,1102,689,1220,950
2022-03-25-14-24-58_R_jpg.rf.a5c3ae05c44004017c4c0ec514c48b69.jpg,1920,1080,needle,1072,495,1172,677
2022-03-30-15-35-43_L_jpg.rf.a4755dab5641bb507b0d11d06a321b00.jpg,1920,1080,needle,724,728,914,1053
2022-03-30-15-35-32_R_jpg.rf.afef942faebd44f6b54873ba60655a37.jpg,1920,1080,needle,189,797,444,965
2022-03-25-14-19-46_R_jpg.rf.abb9368e91559817fe936cb1b66a02fb.jpg,1920,1080,needle,1092,840,1392,983
2022-03-24-17-11-45_R_jpg.rf.b13bdcd2bb2d45852278cea3bd72ebf7.jpg,1920,1080,needle,899,312,1075,398
2022-03-30-15-41-47_R_jpg.rf.ada4cd9d9a76244ee49e9b4dfbe65491.jpg,1920,1080,needle,1194,765,1415,1048
2022-03-25-14-19-36_R_jpg.rf.ad1f6816acdf130d641e02fa60059881.jpg,1920,1080,needle,1109,677,1245,952
2022-03-25-14-20-24_R_jpg.rf.af1253340da33efd0aa0b23572330f66.jpg,1920,1080,needle,888,570,1139,704
2022-03-30-15-38-48_L_jpg.rf.ab189f452e685b186c700a440750f5f2.jpg,1920,1080,needle,79,373,315,545
2022-03-24-17-09-46_L_jpg.rf.adb368e9e59c9dea9027610f3e5f0f1f.jpg,1920,1080,needle,1062,595,1164,818
2022-03-24-17-16-16_R_jpg.rf.b12bac504a82ecb2d3a0ae026f9940ee.jpg,1920,1080,needle,794,703,1060,788
2022-03-25-14-28-47_L_jpg.rf.aa3f127d020b6e2edcb0098964e7a45c.jpg,1920,1080,needle,1068,611,1286,737
2022-03-24-17-15-55_R_jpg.rf.ad620044490235381e5776b178cd1d10.jpg,1920,1080,needle,1011,597,1145,848
2022-03-29-15-16-02_L_jpg.rf.b2176a3ae50130d9681f29ea299c8db2.jpg,1920,1080,needle,988,395,1118,593
2022-03-24-17-04-21_L_jpg.rf.ab08725cf8ac31d0edc30fa65d2ab002.jpg,1920,1080,needle,814,447,1012,552
2022-03-05-15-17-42_R_jpg.rf.aa848b312a486160aa19d03ea47a81b9.jpg,1920,1080,needle,706,605,859,837
2022-03-30-15-55-09_L_jpg.rf.b46e62e46c6454fde5093a0652b55fe0.jpg,1920,1080,needle,502,613,804,937
2022-03-30-15-42-11_R_jpg.rf.b4e169d22979517837c508b39c4ee2d1.jpg,1920,1080,needle,976,280,1162,378
2022-03-05-15-12-43_L_jpg.rf.b3a67af156334b6aa14d6ac9228b40c4.jpg,1920,1080,needle,834,310,1019,423
2022-03-30-15-29-55_R_jpg.rf.b442fe9d42a3ae341dc0145fe422da06.jpg,1920,1080,needle,1033,373,1133,518
2022-03-24-17-18-21_L_jpg.rf.b1c42a1fc61027e53f72d4a07aeaa990.jpg,1920,1080,needle,586,627,742,822
2022-03-25-14-21-20_R_jpg.rf.b251394e8b04e9889bd017e945e2a637.jpg,1920,1080,needle,611,730,822,930
2022-03-30-15-39-33_R_jpg.rf.b5c5762d0d3a040a27880a706818d0c8.jpg,1920,1080,needle,119,382,362,535
2022-03-30-15-57-05_R_jpg.rf.af8efb2cc0368f3a61e5dae29d3346a0.jpg,1920,1080,needle,1251,598,1425,893
2022-03-25-14-26-47_L_jpg.rf.b7812d2eecf943070b715fc1b9477438.jpg,1920,1080,needle,434,645,704,802
2022-03-30-15-39-33_L_jpg.rf.b5f5528fb5836a205f875f7a0aed8629.jpg,1920,1080,needle,34,373,295,527
2022-03-24-17-16-57_R_jpg.rf.b6b1cc4319fc7b3abcee5e46b1559aed.jpg,1920,1080,needle,873,307,1050,409
2022-03-25-14-19-46_L_jpg.rf.b73cfeb53d8424db6a6ecfa745620344.jpg,1920,1080,needle,1088,826,1373,986
2022-03-30-15-35-01_R_jpg.rf.b26c4e53fcdbb31fe7e6656a0d1eb8bb.jpg,1920,1080,needle,491,335,674,447
2022-03-25-14-12-21_L_jpg.rf.bd96bf64f7b34da5dc264415c6b08a50.jpg,1920,1080,needle,1054,647,1180,893
2022-03-24-17-14-55_L_jpg.rf.b6e45c49a38707b0cc812970649f6689.jpg,1920,1080,needle,1064,462,1224,622
2022-03-29-15-18-38_L_jpg.rf.b850b7b08784e3f4c34875690f12dbf3.jpg,1920,1080,needle,613,663,793,940
2022-03-25-14-15-18_R_jpg.rf.bfb3a8b08708e88fb143da55162f723e.jpg,1920,1080,needle,872,324,1070,440
2022-03-05-15-10-18_L_jpg.rf.be2a8b313ce528e18851a08c274fe7c7.jpg,1920,1080,needle,1127,625,1302,850
2022-03-24-17-08-52_R_jpg.rf.bb79aa645153b3ca1ff9a1b8bce0cc08.jpg,1920,1080,needle,1199,876,1509,1027
2022-03-25-14-15-32_L_jpg.rf.b9d822a17754f5a0155e36e9496fb438.jpg,1920,1080,needle,805,767,1076,930
2022-03-30-15-56-51_L_jpg.rf.c0b185c03dba415bab4def8547da3749.jpg,1920,1080,needle,244,708,600,975
2022-03-24-17-17-21_L_jpg.rf.c4acb1254fa2705e668279c28180aea0.jpg,1920,1080,needle,704,418,905,488
2022-03-25-14-28-03_R_jpg.rf.be7b50cd02491962f5f0e5cbdce78dea.jpg,1920,1080,needle,1116,473,1272,653
2022-03-05-15-17-42_L_jpg.rf.bea1907e480eaea49177c69c99b21247.jpg,1920,1080,needle,696,613,839,838
2022-03-25-14-23-37_L_jpg.rf.c1c610812d3b719c54ffd356ef10936b.jpg,1920,1080,needle,1042,326,1182,419
2022-03-29-15-28-00_L_jpg.rf.b88ae6b8d077a03a0d9e47804e90c47a.jpg,1920,1080,needle,638,683,846,953
2022-03-24-17-03-29_L_jpg.rf.c574680625f4357d12e343cbe6255bc5.jpg,1920,1080,needle,1121,317,1215,435
2022-03-05-15-27-39_L_jpg.rf.c0eb2182635d1de160fc596c571b60f2.jpg,1920,1080,needle,1086,678,1246,961
2022-03-25-14-12-46_R_jpg.rf.be9326e9e14bcc5d1177d326a4080615.jpg,1920,1080,needle,1180,595,1402,818
2022-03-05-15-11-02_L_jpg.rf.c0b2f02e6a5ce50fd1eb48b8b1e01131.jpg,1920,1080,needle,1066,510,1301,636
2022-03-25-14-23-46_L_jpg.rf.b7c83c8e6516f5fdd7fbe2fd0edd1fa0.jpg,1920,1080,needle,1169,753,1384,1007
2022-03-30-15-38-48_R_jpg.rf.c4c3ddd7777efed3a691263f4c614556.jpg,1920,1080,needle,164,380,384,543
2022-03-30-15-43-17_R_jpg.rf.bc8ea2c82ebbd6aa16c69638f3f275d7.jpg,1920,1080,needle,1440,282,1601,468
2022-03-24-17-02-38_R_jpg.rf.c7270569e97bcbf09de80cbd3f3771cb.jpg,1920,1080,needle,720,569,872,754
2022-03-29-15-16-34_L_jpg.rf.c5a640e312cc8fb973baf752df3aca6e.jpg,1920,1080,needle,1056,645,1353,873
2022-03-30-15-43-54_L_jpg.rf.c7a5bfc2128e5eaf2cc0b8fe96b0eb91.jpg,1920,1080,needle,1047,718,1299,983
2022-03-25-14-13-30_L_jpg.rf.c79d46fc88dcff69c55f5ca1017f3da6.jpg,1920,1080,needle,499,732,767,937
2022-03-30-15-55-17_L_jpg.rf.cad31d501870235cfe1e9d94882150c2.jpg,1920,1080,needle,721,280,870,413
2022-03-24-17-15-32_R_jpg.rf.c6fa084695c3a6edf1278f384ca17e43.jpg,1920,1080,needle,1261,777,1430,1068
2022-03-05-15-11-57_R_jpg.rf.caa537ab48f2ba9c083c10e06a6791b6.jpg,1920,1080,needle,597,720,823,1008
2022-03-05-15-13-41_L_jpg.rf.c5471d38f5f7974df058a491d13996ad.jpg,1920,1080,needle,1034,563,1160,788
2022-03-29-15-26-44_L_jpg.rf.c147535bc44a3fb7130a87f7fff98e5e.jpg,1920,1080,needle,583,588,866,720
2022-03-25-14-25-54_L_jpg.rf.c8c79a9382ac8b5b9f7da00cdddd60f2.jpg,1920,1080,needle,1042,368,1236,438
2022-03-30-15-29-46_R_jpg.rf.bc6c83c961b7ed3fab51346be220d543.jpg,1920,1080,needle,1073,580,1328,710
2022-03-05-15-12-15_R_jpg.rf.ce2be7b5cd8a7ea5c65e964e6213a6f8.jpg,1920,1080,needle,847,442,1050,567
2022-03-30-15-30-53_R_jpg.rf.b89aa24bacd688d3822c88a249338647.jpg,1920,1080,needle,1058,405,1230,520
2022-03-24-17-08-38_L_jpg.rf.d0fd855c7c26ccd695db5beaf001f6a2.jpg,1920,1080,needle,1031,657,1286,794
2022-03-24-17-04-07_L_jpg.rf.cbaf9b09520c4bb48b7f59a0ca48dc92.jpg,1920,1080,needle,1152,590,1281,797
2022-03-25-14-20-24_L_jpg.rf.c520c3bafe45ccb23bdce2da13f3420f.jpg,1920,1080,needle,859,592,1117,678
2022-03-30-15-39-21_R_jpg.rf.d5142cd90018da720077f1c4f49c29d6.jpg,1920,1080,needle,331,263,457,348
2022-03-30-15-30-19_R_jpg.rf.d1671b907e0cb84562da38c47e07c96c.jpg,1920,1080,needle,641,283,778,375
2022-03-24-17-15-20_R_jpg.rf.d6608d54c1267237c47907184db226ef.jpg,1920,1080,needle,1112,719,1289,967
2022-03-30-15-24-09_L_jpg.rf.d8ccef7f002f7c0c81daf59201143fd1.jpg,1920,1080,needle,573,583,761,793
2022-03-24-17-08-27_R_jpg.rf.d4fa9fda1bf22273070fec697c7a62d6.jpg,1920,1080,needle,932,561,1148,761
2022-03-30-15-30-10_R_jpg.rf.d70b52e7c4b66a5a984daf833b107547.jpg,1920,1080,needle,811,215,910,325
2022-03-24-17-12-41_R_jpg.rf.d25538b74fb337e389362706d64e612a.jpg,1920,1080,needle,579,691,706,970
2022-03-29-15-27-02_L_jpg.rf.d7371d9cd45b4812c6342868fdb33e98.jpg,1920,1080,needle,596,630,841,870
2022-03-24-17-05-30_L_jpg.rf.d51c88daad43ab303ca8cd08a89a8c7a.jpg,1920,1080,needle,726,385,904,453
2022-03-30-15-56-40_R_jpg.rf.d1511483872b5dfe3954171e0ce758e3.jpg,1920,1080,needle,482,665,742,943
2022-03-30-15-45-53_L_jpg.rf.cdbb5b1754e1eda677a11c1e7336b6fa.jpg,1920,1080,needle,989,540,1269,800
2022-03-25-14-26-04_R_jpg.rf.d8e5796c93a39c5fd85b04fa9c967da7.jpg,1920,1080,needle,1036,247,1157,322
2022-03-05-15-27-39_R_jpg.rf.d921c4d8a243fdd6c38afdc2b28ad555.jpg,1920,1080,needle,1101,678,1263,969
2022-03-30-15-34-20_L_jpg.rf.d916f9c1d66dfe2c3daa1fd1ad38f4a0.jpg,1920,1080,needle,416,758,663,1043
2022-03-25-14-19-25_L_jpg.rf.d6c01f2a1dbedbef83d2dae51293cb12.jpg,1920,1080,needle,496,783,770,1030
2022-03-25-14-25-20_R_jpg.rf.dac5b865e45e773617014bfb61543be2.jpg,1920,1080,needle,714,573,890,785
2022-03-30-15-56-04_L_jpg.rf.d9f178f571515e8e74102d63fa209bba.jpg,1920,1080,needle,1026,660,1277,943
2022-03-30-15-34-05_R_jpg.rf.daaff6a1602426d24e681910ddb501dd.jpg,1920,1080,needle,896,333,1025,473
2022-03-24-17-11-59_L_jpg.rf.da9fbc89e5b817ab07c11512aef3a053.jpg,1920,1080,needle,878,473,1087,583
2022-03-24-17-16-46_L_jpg.rf.da9f59bba4d584f946ba90a98f3751d5.jpg,1920,1080,needle,1116,403,1207,557
2022-03-30-15-46-00_L_jpg.rf.dd23597d9d55be9ed8f69ef011471ca4.jpg,1920,1080,needle,1359,560,1640,823
2022-03-25-14-22-16_L_jpg.rf.d9ef641bf095a8ddcf0d338fd9a7e3e1.jpg,1920,1080,needle,1017,668,1270,828
2022-03-24-17-08-14_R_jpg.rf.dd135b61c2c3611f103c1b448f76badc.jpg,1920,1080,needle,698,413,872,536
2022-03-30-15-35-10_L_jpg.rf.da01a5e76539e73f6e2098985b029351.jpg,1920,1080,needle,296,377,534,478
2022-03-24-17-10-33_L_jpg.rf.df6af9e0528d7905e0d94df533319928.jpg,1920,1080,needle,1105,410,1271,547
2022-03-25-14-24-44_L_jpg.rf.dd05723d1d0999f7ed6bfc09b8e07174.jpg,1920,1080,needle,921,427,1092,605
2022-03-30-15-36-01_L_jpg.rf.dbd82500d50912593830e99ea9397f55.jpg,1920,1080,needle,76,887,380,1073
2022-03-05-15-28-12_L_jpg.rf.dd92bc8b2260dbdd37b4a2831d268a74.jpg,1920,1080,needle,594,367,784,462
2022-03-30-15-33-00_R_jpg.rf.db544fda7829695fd4ecf842918e16a7.jpg,1920,1080,needle,498,665,686,893
2022-03-30-15-31-29_L_jpg.rf.db7a7618780f51d2a42294045a488741.jpg,1920,1080,needle,1056,545,1308,660
2022-03-25-14-21-44_R_jpg.rf.dd33c365c1d9ff62fb35eeb126c66cdb.jpg,1920,1080,needle,522,661,686,879
2022-03-24-17-09-08_R_jpg.rf.dd7564f2f0bb5dc36a38deaeb4e7c5b2.jpg,1920,1080,needle,1032,528,1262,635
2022-03-30-15-41-01_R_jpg.rf.de627d703162074d94aba220ecb10812.jpg,1920,1080,needle,1632,343,1869,538
2022-03-24-17-18-59_L_jpg.rf.de1379f0079662a28aed47485a197d91.jpg,1920,1080,needle,807,373,900,507
2022-03-25-14-23-26_R_jpg.rf.e1aed3cb5e5416718b5534febf540632.jpg,1920,1080,needle,749,387,902,497
2022-03-24-17-15-55_L_jpg.rf.d7f1db30d8da43e985407a28340536c6.jpg,1920,1080,needle,1005,595,1137,842
2022-03-30-15-32-09_R_jpg.rf.de9800c87a7d3a28d99f212ca3f8087e.jpg,1920,1080,needle,466,770,625,1033
2022-03-25-14-23-17_L_jpg.rf.df9ec484099bed8cb7652f568c5d2086.jpg,1920,1080,needle,769,419,886,604
2022-03-30-15-31-37_L_jpg.rf.e1b841001a579fd085b355d3a91f86bd.jpg,1920,1080,needle,993,328,1093,458
2022-03-25-14-20-33_R_jpg.rf.eb7880e7506b9c360708976df964ba00.jpg,1920,1080,needle,1147,794,1423,931
2022-03-25-14-14-09_R_jpg.rf.e036f356fb9a086280140acb29b5e9bf.jpg,1920,1080,needle,1142,362,1312,432
2022-03-30-15-43-01_R_jpg.rf.e259cf40ac36adbbf7fb8c2bd6582efb.jpg,1920,1080,needle,1187,630,1422,942
2022-03-30-15-41-55_R_jpg.rf.e57ebc28fc14c527d462c46cd2307f14.jpg,1920,1080,needle,1407,758,1836,948
2022-03-30-15-35-01_L_jpg.rf.dc26f686723c26c13636809981488500.jpg,1920,1080,needle,449,320,635,447
2022-03-25-14-26-28_R_jpg.rf.e32c7cd0253db42655abc3f0b738c2cc.jpg,1920,1080,needle,566,764,819,1009
2022-03-30-15-57-05_L_jpg.rf.e5eb79cb1853905630bec28eb6897b4a.jpg,1920,1080,needle,1239,598,1402,872
2022-03-29-15-28-10_R_jpg.rf.e237c939415e7a49946e3e4430579e18.jpg,1920,1080,needle,1146,793,1478,950
2022-03-30-15-41-16_R_jpg.rf.ea79e68a3718360bd5dcf96bb0d95110.jpg,1920,1080,needle,1567,253,1810,333
2022-03-25-14-14-38_L_jpg.rf.edf25ca43a4bf061c6aeee8830a8411a.jpg,1920,1080,needle,1197,713,1444,948
2022-03-29-15-16-52_L_jpg.rf.e62ab1185cbdce473b5b62665f134c18.jpg,1920,1080,needle,1111,663,1345,888
2022-03-05-15-29-35_L_jpg.rf.eca3a62ba823949ab84f0ac5b2798cc2.jpg,1920,1080,needle,1001,297,1097,428
2022-03-24-17-18-11_R_jpg.rf.eb34b4a7baec3a852e7169dcb33090d8.jpg,1920,1080,needle,849,362,967,442
2022-03-30-15-35-24_R_jpg.rf.edd56cb1d3a813cd9e975fc365ab920b.jpg,1920,1080,needle,234,685,520,810
2022-03-30-15-32-00_L_jpg.rf.e728581c23bc62f499f94ba85404b4b1.jpg,1920,1080,needle,796,220,903,335
2022-03-30-15-46-22_R_jpg.rf.e4011d9abeb75d876627a3839aee13e7.jpg,1920,1080,needle,507,670,926,872
2022-03-25-14-27-49_R_jpg.rf.eaca3fb595e7802fad249445abc4b36d.jpg,1920,1080,needle,949,200,1112,287
2022-03-24-17-14-29_R_jpg.rf.ed6130489556e41318530be24c200f32.jpg,1920,1080,needle,656,533,786,729
2022-03-30-15-30-45_R_jpg.rf.efdda0c809ef70d447cd278c5f246a01.jpg,1920,1080,needle,1173,723,1355,988
2022-03-24-17-10-20_R_jpg.rf.e3ebbf472d82605c47ef5a250ba30ac9.jpg,1920,1080,needle,994,392,1190,468
2022-03-24-17-12-41_L_jpg.rf.ee6208da05edcc0307895ea1d8081f0a.jpg,1920,1080,needle,560,699,688,974
2022-03-24-17-05-02_R_jpg.rf.e3d2ca968fb88bd04e4cdb64fcbbe7f4.jpg,1920,1080,needle,386,806,690,993
2022-03-30-15-29-31_L_jpg.rf.e5b8b875de7cccd36daff2266a35670e.jpg,1920,1080,needle,828,395,1030,508
2022-03-24-17-19-12_R_jpg.rf.e81aee7d12662647c42803137991b425.jpg,1920,1080,needle,1047,368,1162,497
2022-03-24-17-05-30_R_jpg.rf.f336ae43a0ef2191fce426e39aae7621.jpg,1920,1080,needle,754,385,934,443
2022-03-30-15-56-51_R_jpg.rf.f15d525ad2fb40bd39b17f3b0620d9aa.jpg,1920,1080,needle,282,707,625,938
2022-03-24-17-06-00_R_jpg.rf.f319488745e3b40f1a0998ef92882e64.jpg,1920,1080,needle,1137,619,1398,743
2022-03-24-17-15-08_R_jpg.rf.f3df905957ecb14c5ac8dba8e63691c3.jpg,1920,1080,needle,1098,691,1239,953
2022-03-05-15-27-49_R_jpg.rf.f078c3690ab4eccc9a21a468b17e42a6.jpg,1920,1080,needle,667,670,853,898
2022-03-24-17-16-57_L_jpg.rf.eed4db0a6cd0862cc08ff6b037a98fce.jpg,1920,1080,needle,844,315,1025,403
2022-03-25-14-28-16_R_jpg.rf.f2a1eccd1f3de024e4742f9245155b02.jpg,1920,1080,needle,1112,470,1290,642
2022-03-30-15-54-56_R_jpg.rf.f1176bac1009e0013e45bdf704702388.jpg,1920,1080,needle,1152,688,1427,970
2022-03-25-14-21-02_L_jpg.rf.f5011189dcb225c9e8a7fa06852db5c2.jpg,1920,1080,needle,615,720,784,1003
2022-03-30-15-58-13_R_jpg.rf.f33cb1c04be615148eafa093db7935bd.jpg,1920,1080,needle,807,573,1127,1037
2022-03-05-15-16-52_R_jpg.rf.ef1984fff2d34ed8ea1e766b853a9a72.jpg,1920,1080,needle,1112,643,1405,799
2022-03-05-15-28-36_L_jpg.rf.f5efe301cd4a7c39da7907b3433de496.jpg,1920,1080,needle,651,467,875,587
2022-03-05-15-11-02_R_jpg.rf.f92c04fab5cdd342d89e13738f588340.jpg,1920,1080,needle,1079,517,1335,636
2022-03-30-15-30-45_L_jpg.rf.f9350254a56700c7f5b57ef41f3bd30e.jpg,1920,1080,needle,1171,723,1328,985
2022-03-30-15-35-10_R_jpg.rf.f4898d6952de30e22c0603b5a515f506.jpg,1920,1080,needle,361,385,577,480
2022-03-30-15-33-34_L_jpg.rf.f451e6ce2f8d023137638bd009437678.jpg,1920,1080,needle,526,703,801,905
2022-03-30-15-31-10_R_jpg.rf.ec49527fa6d1a876cbf32fc8b157ce7e.jpg,1920,1080,needle,1293,760,1545,1080
2022-03-30-15-32-18_L_jpg.rf.f76079500fce04100fa77349029315d6.jpg,1920,1080,needle,1128,578,1320,798
2022-03-24-17-16-28_R_jpg.rf.f94c3b98b4c2454ccdfa3d5b5795e09e.jpg,1920,1080,needle,1066,491,1189,677
2022-03-25-14-26-47_R_jpg.rf.f5c80aea287a26fbe74c416d5ef4ea6c.jpg,1920,1080,needle,462,635,729,795
2022-03-05-15-17-19_L_jpg.rf.faf13ca0fc695c31220532884eced683.jpg,1920,1080,needle,686,528,826,716
2022-03-24-17-17-45_L_jpg.rf.fb2e661e8243a6e1fe723caf3d83f50a.jpg,1920,1080,needle,463,726,756,906
2022-03-05-15-14-04_R_jpg.rf.fa2ff8744393b5673963f8d7bfeb651e.jpg,1920,1080,needle,1046,430,1273,534
2022-03-25-14-20-05_L_jpg.rf.f97d021351b54a2ecbac60f6a685c622.jpg,1920,1080,needle,1091,693,1329,823
2022-03-30-15-35-51_L_jpg.rf.e4f2f5f59ba5cd1df06f4eefd085916c.jpg,1920,1080,needle,754,723,1031,863